,Precision@5,Recall@10,F1-Score
Melhoria com Entidades (BERT),-33.33333333333333,-16.7714884696017,-31.528823321376244
