{
  "versao": "otimizada_enriquecida_refinada",
  "modelo": "TF-IDF",
  "indexador": "sklearn",
  "enriquecimento": "entidades_nomeadas_e_tokens_otimizado",
  "precision_at_5": 0.23000000000000004,
  "recall_at_10": 0.5108333333333334,
  "f1_score": 0.28781746031746025,
  "ndcg": 0.34140258316213534,
  "mrr": 0.31083333333333335,
  "tempo_resposta_medio": 0.001930081844329834,
  "precision_at_k": [
    0.0,
    0.0,
    0.6,
    0.2,
    0.2,
    0.2,
    0.0,
    0.6,
    0.4,
    0.2,
    0.0,
    0.2,
    0.6,
    0.4,
    0.0,
    0.8,
    0.0,
    0.2,
    0.0,
    0.0
  ],
  "recall_at_k": [
    0.0,
    0.0,
    1.0,
    0.5,
    0.5,
    1.0,
    0.3333333333333333,
    1.0,
    1.0,
    0.5,
    0.6666666666666666,
    0.3333333333333333,
    0.75,
    0.5,
    0.0,
    0.8,
    0.0,
    1.0,
    0.0,
    0.3333333333333333
  ],
  "ndcg_at_k": [
    0.0,
    0.0,
    0.8854598815714874,
    0.32531670832675136,
    0.38685280723454163,
    0.5988943393645153,
    0.13565197343244778,
    0.7122630665145961,
    0.5780136823717549,
    0.3065735963827292,
    0.3152014104491349,
    0.20210734650054757,
    0.6096199500078984,
    0.36331756126716835,
    0.0,
    0.7860137352654724,
    0.0,
    0.45560514958746035,
    0.0,
    0.16716045496620227
  ],
  "mrr_values": [
    0.0,
    0.0,
    1.0,
    0.3333333333333333,
    0.5,
    0.5,
    0.1,
    0.5,
    0.3333333333333333,
    0.3333333333333333,
    0.16666666666666666,
    0.25,
    0.5,
    0.3333333333333333,
    0.0,
    1.0,
    0.0,
    0.2,
    0.0,
    0.16666666666666666
  ],
  "tempos_resposta": [
    0.003998994827270508,
    0.0019981861114501953,
    0.002001523971557617,
    0.0009996891021728516,
    0.0010001659393310547,
    0.002000093460083008,
    0.0020046234130859375,
    0.0019998550415039062,
    0.001997232437133789,
    0.000997781753540039,
    0.001999378204345703,
    0.0020017623901367188,
    0.002002716064453125,
    0.0020003318786621094,
    0.001001596450805664,
    0.004997730255126953,
    0.001027822494506836,
    0.0019996166229248047,
    0.0015382766723632812,
    0.0010342597961425781
  ]
}