{
  "versao": "completa_enriquecida_otimizada",
  "modelo": "neuralmind/bert-base-portuguese-cased",
  "indexador": "FAISS",
  "enriquecimento": "entidades_nomeadas_e_tokens_otimizado",
  "precision_at_5": 0.15000000000000002,
  "recall_at_10": 0.3141666666666666,
  "f1_score": 0.19075396825396826,
  "ndcg": 0.25320794437188854,
  "mrr": 0.3656746031746032,
  "tempo_resposta_medio": 0.07497057914733887,
  "precision_at_k": [
    0.0,
    0.0,
    0.2,
    0.0,
    0.2,
    0.2,
    0.4,
    0.2,
    0.0,
    0.4,
    0.4,
    0.2,
    0.2,
    0.0,
    0.2,
    0.2,
    0.0,
    0.0,
    0.2,
    0.0
  ],
  "recall_at_k": [
    0.0,
    0.3333333333333333,
    0.3333333333333333,
    0.25,
    0.5,
    0.3333333333333333,
    0.6666666666666666,
    0.3333333333333333,
    0.0,
    1.0,
    0.6666666666666666,
    0.3333333333333333,
    0.25,
    0.0,
    0.5,
    0.2,
    0.25,
    0.0,
    0.3333333333333333,
    0.0
  ],
  "ndcg_at_k": [
    0.0,
    0.14126697285982898,
    0.46927872602275644,
    0.13012668333070054,
    0.3065735963827292,
    0.23463936301137822,
    0.5307212739772434,
    0.2960819109658652,
    0.0,
    0.8772153153380493,
    0.4776237035032179,
    0.20210734650054757,
    0.24630238874073,
    0.0,
    0.38685280723454163,
    0.3391602052736161,
    0.13012668333070054,
    0.0,
    0.2960819109658652,
    0.0
  ],
  "mrr_values": [
    0.0,
    0.1111111111111111,
    1.0,
    0.14285714285714285,
    0.3333333333333333,
    0.3333333333333333,
    0.5,
    0.5,
    0.0,
    1.0,
    0.5,
    0.25,
    0.5,
    0.0,
    0.5,
    1.0,
    0.14285714285714285,
    0.0,
    0.5,
    0.0
  ],
  "tempos_resposta": [
    0.14199352264404297,
    0.05700826644897461,
    0.08801412582397461,
    0.036516427993774414,
    0.05214428901672363,
    0.053727149963378906,
    0.03864717483520508,
    0.11010169982910156,
    0.15705204010009766,
    0.04201078414916992,
    0.10252690315246582,
    0.05552315711975098,
    0.07252764701843262,
    0.06600451469421387,
    0.040513038635253906,
    0.15052127838134766,
    0.07352566719055176,
    0.0615239143371582,
    0.04500174522399902,
    0.054528236389160156
  ]
}