{
  "versao": "otimizada_enriquecida_refinada",
  "modelo": "TF-IDF",
  "indexador": "sklearn",
  "enriquecimento": "entidades_nomeadas_e_tokens_otimizado",
  "precision_at_5": 0.35666666666666663,
  "recall_at_10": 0.5108333333333334,
  "f1_score": 0.3841666666666667,
  "ndcg": 0.34140258316213534,
  "mrr": 0.31083333333333335,
  "tempo_resposta_medio": 0.0016941070556640626,
  "precision_at_k": [
    0.0,
    0.0,
    1.0,
    0.25,
    0.5,
    0.3333333333333333,
    0.0,
    1.0,
    0.6666666666666666,
    0.5,
    0.0,
    0.3333333333333333,
    0.75,
    0.5,
    0.0,
    0.8,
    0.0,
    0.5,
    0.0,
    0.0
  ],
  "recall_at_k": [
    0.0,
    0.0,
    1.0,
    0.5,
    0.5,
    1.0,
    0.3333333333333333,
    1.0,
    1.0,
    0.5,
    0.6666666666666666,
    0.3333333333333333,
    0.75,
    0.5,
    0.0,
    0.8,
    0.0,
    1.0,
    0.0,
    0.3333333333333333
  ],
  "ndcg_at_k": [
    0.0,
    0.0,
    0.8854598815714874,
    0.32531670832675136,
    0.38685280723454163,
    0.5988943393645153,
    0.13565197343244778,
    0.7122630665145961,
    0.5780136823717549,
    0.3065735963827292,
    0.3152014104491349,
    0.20210734650054757,
    0.6096199500078984,
    0.36331756126716835,
    0.0,
    0.7860137352654724,
    0.0,
    0.45560514958746035,
    0.0,
    0.16716045496620227
  ],
  "mrr_values": [
    0.0,
    0.0,
    1.0,
    0.3333333333333333,
    0.5,
    0.5,
    0.1,
    0.5,
    0.3333333333333333,
    0.3333333333333333,
    0.16666666666666666,
    0.25,
    0.5,
    0.3333333333333333,
    0.0,
    1.0,
    0.0,
    0.2,
    0.0,
    0.16666666666666666
  ],
  "tempos_resposta": [
    0.003017902374267578,
    0.0020024776458740234,
    0.0019948482513427734,
    0.0015134811401367188,
    0.002007007598876953,
    0.002030611038208008,
    0.0025174617767333984,
    0.002514362335205078,
    0.001001119613647461,
    0.002002239227294922,
    0.001009225845336914,
    0.001512765884399414,
    0.0010066032409667969,
    0.00099945068359375,
    0.0012407302856445312,
    0.0020003318786621094,
    0.0019986629486083984,
    0.000997781753540039,
    0.0010077953338623047,
    0.0015072822570800781
  ]
}