{
  "versao": "completa",
  "modelo": "neuralmind/bert-base-portuguese-cased",
  "indexador": "FAISS",
  "precision_at_5": 0.09,
  "recall_at_10": 0.3975,
  "f1_score": 0.12083638583638585,
  "tempo_resposta_medio": 0.044987165927886964,
  "precision_at_k": [
    0.0,
    0.2,
    0.2,
    0.2,
    0.2,
    0.2,
    0.0,
    0.2,
    0.0,
    0.0,
    0.2,
    0.0,
    0.2,
    0.0,
    0.0,
    0.2,
    0.0,
    0.0,
    0.0,
    0.0
  ],
  "recall_at_k": [
    0.0,
    0.3333333333333333,
    0.6666666666666666,
    0.25,
    0.5,
    0.3333333333333333,
    0.6666666666666666,
    0.6666666666666666,
    0.3333333333333333,
    0.0,
    0.6666666666666666,
    0.0,
    0.5,
    0.0,
    1.0,
    0.2,
    0.0,
    0.5,
    0.6666666666666666,
    0.6666666666666666
  ],
  "tempos_resposta": [
    0.07851576805114746,
    0.042014360427856445,
    0.03851175308227539,
    0.034996986389160156,
    0.04152965545654297,
    0.04999804496765137,
    0.03852701187133789,
    0.033998966217041016,
    0.033005714416503906,
    0.043521881103515625,
    0.055002450942993164,
    0.04751896858215332,
    0.05800056457519531,
    0.051532745361328125,
    0.04299592971801758,
    0.04252934455871582,
    0.04799985885620117,
    0.03553485870361328,
    0.041001319885253906,
    0.04300713539123535
  ]
}