{
  "versao": "otimizada",
  "modelo": "TF-IDF",
  "indexador": "sklearn",
  "precision_at_5": 0.18,
  "recall_at_10": 0.5166666666666666,
  "f1_score": 0.2536019536019536,
  "tempo_resposta_medio": 0.005352330207824707,
  "precision_at_k": [
    0.0,
    0.0,
    0.2,
    0.4,
    0.2,
    0.2,
    0.0,
    0.4,
    0.2,
    0.2
  ],
  "recall_at_k": [
    0.0,
    0.0,
    0.6666666666666666,
    0.5,
    0.5,
    0.6666666666666666,
    0.3333333333333333,
    1.0,
    1.0,
    0.5
  ],
  "tempos_resposta": [
    0.03300929069519043,
    0.002000570297241211,
    0.0019986629486083984,
    0.002000570297241211,
    0.002515077590942383,
    0.0009996891021728516,
    0.004999876022338867,
    0.0019996166229248047,
    0.0020003318786621094,
    0.0019996166229248047
  ]
}