{
  "versao": "completa_enriquecida_otimizada",
  "modelo": "neuralmind/bert-base-portuguese-cased",
  "indexador": "FAISS",
  "enriquecimento": "entidades_nomeadas_e_tokens_otimizado",
  "precision_at_5": 0.27666666666666667,
  "recall_at_10": 0.41,
  "f1_score": 0.2944444444444444,
  "ndcg": 0.3019669205342439,
  "mrr": 0.38817460317460317,
  "tempo_resposta_medio": 0.10763154029846192,
  "precision_at_k": [
    0.0,
    0.0,
    0.3333333333333333,
    0.0,
    0.5,
    0.3333333333333333,
    0.6666666666666666,
    0.6666666666666666,
    0.3333333333333333,
    1.0,
    0.3333333333333333,
    0.0,
    0.25,
    0.25,
    0.0,
    0.2,
    0.0,
    0.0,
    0.0,
    0.6666666666666666
  ],
  "recall_at_k": [
    0.0,
    0.0,
    0.3333333333333333,
    0.25,
    0.5,
    0.6666666666666666,
    0.6666666666666666,
    0.6666666666666666,
    0.3333333333333333,
    1.0,
    0.6666666666666666,
    0.3333333333333333,
    0.25,
    0.25,
    0.5,
    0.2,
    0.25,
    0.0,
    0.3333333333333333,
    1.0
  ],
  "ndcg_at_k": [
    0.0,
    0.0,
    0.23463936301137822,
    0.13012668333070054,
    0.6131471927654584,
    0.3379680345449381,
    0.4367467095119258,
    0.6508205185601091,
    0.23463936301137822,
    0.8772153153380493,
    0.6257049680303419,
    0.1480409554829326,
    0.19519002499605084,
    0.19519002499605084,
    0.20438239758848611,
    0.3391602052736161,
    0.11751610475642714,
    0.0,
    0.1480409554829326,
    0.5508095940041026
  ],
  "mrr_values": [
    0.0,
    0.0,
    0.3333333333333333,
    0.14285714285714285,
    1.0,
    0.2,
    0.3333333333333333,
    1.0,
    0.3333333333333333,
    1.0,
    1.0,
    0.125,
    0.3333333333333333,
    0.3333333333333333,
    0.14285714285714285,
    1.0,
    0.1111111111111111,
    0.0,
    0.125,
    0.25
  ],
  "tempos_resposta": [
    0.23989462852478027,
    0.13022541999816895,
    0.30823493003845215,
    0.056841373443603516,
    0.06150984764099121,
    0.07452034950256348,
    0.04794430732727051,
    0.16052651405334473,
    0.19378232955932617,
    0.04335498809814453,
    0.11403870582580566,
    0.0715646743774414,
    0.0791475772857666,
    0.08987283706665039,
    0.04319405555725098,
    0.1926860809326172,
    0.0759744644165039,
    0.06196260452270508,
    0.04847311973571777,
    0.05888199806213379
  ]
}