,Precision@5,Recall@10,F1-Score,Tempo (s)
Completa (BERT),0.09,0.3975,0.12083638583638585,0.044987165927886964
Otimizada (TF-IDF),0.18,0.5166666666666666,0.2536019536019536,0.005352330207824707
Completa Enriquecida (BERT + Entidades),0.06,0.33083333333333326,0.08273809523809525,0.051067352294921875
